Age Group,Count,MAE
0-15,732,6.650698661804199
16-30,1651,8.05311393737793
31-45,1143,7.713860511779785
46-60,681,9.040007591247559
61-75,331,9.590938568115234
76+,201,14.103812217712402
